{"mean":{"confidence_interval":{"confidence_level":0.95,"lower_bound":-0.04371505229084596,"upper_bound":-0.024384305601063118},"point_estimate":-0.03340332026054915,"standard_error":0.004958846051002366},"median":{"confidence_interval":{"confidence_level":0.95,"lower_bound":-0.022683232429655063,"upper_bound":-0.019003469098827885},"point_estimate":-0.020951989831953677,"standard_error":0.001023965056503202}}