{"mean":{"confidence_interval":{"confidence_level":0.95,"lower_bound":-0.015629640455889098,"upper_bound":-0.00778255573447513},"point_estimate":-0.011741674748199427,"standard_error":0.002007797360958633},"median":{"confidence_interval":{"confidence_level":0.95,"lower_bound":-0.020244012550391464,"upper_bound":-0.0107495704569881},"point_estimate":-0.017087154903843493,"standard_error":0.002514157476505208}}